row_id,fractured
1.2.826.0.1.3680043.10197_C1,0.2416821076628446
1.2.826.0.1.3680043.10454_C1,0.22872619806795114
1.2.826.0.1.3680043.10690_C1,0.22612309745519155
